<?xml version="1.0" encoding="UTF-8"?>
<GenRun Id="impl_1" LaunchPart="xc7s15ftgb196-1" LaunchTime="1596333350">
  <File Type="BITSTR-BMM" Name="Gyro_Demo_Verilog_bd.bmm"/>
  <File Type="OPT-METHODOLOGY-DRC" Name="Gyro_Demo_Verilog_methodology_drc_opted.rpt"/>
  <File Type="INIT-TIMING" Name="Gyro_Demo_Verilog_timing_summary_init.rpt"/>
  <File Type="ROUTE-PWR" Name="Gyro_Demo_Verilog_power_routed.rpt"/>
  <File Type="PA-TCL" Name="Gyro_Demo_Verilog.tcl"/>
  <File Type="OPT-TIMING" Name="Gyro_Demo_Verilog_timing_summary_opted.rpt"/>
  <File Type="OPT-DCP" Name="Gyro_Demo_Verilog_opt.dcp"/>
  <File Type="ROUTE-PWR-SUM" Name="Gyro_Demo_Verilog_power_summary_routed.pb"/>
  <File Type="REPORTS-TCL" Name="Gyro_Demo_Verilog_reports.tcl"/>
  <File Type="OPT-DRC" Name="Gyro_Demo_Verilog_drc_opted.rpt"/>
  <File Type="OPT-HWDEF" Name="Gyro_Demo_Verilog.hwdef"/>
  <File Type="PWROPT-DCP" Name="Gyro_Demo_Verilog_pwropt.dcp"/>
  <File Type="PWROPT-DRC" Name="Gyro_Demo_Verilog_drc_pwropted.rpt"/>
  <File Type="PWROPT-TIMING" Name="Gyro_Demo_Verilog_timing_summary_pwropted.rpt"/>
  <File Type="PLACE-DCP" Name="Gyro_Demo_Verilog_placed.dcp"/>
  <File Type="PLACE-IO" Name="Gyro_Demo_Verilog_io_placed.rpt"/>
  <File Type="PLACE-CLK" Name="Gyro_Demo_Verilog_clock_utilization_placed.rpt"/>
  <File Type="PLACE-UTIL" Name="Gyro_Demo_Verilog_utilization_placed.rpt"/>
  <File Type="PLACE-UTIL-PB" Name="Gyro_Demo_Verilog_utilization_placed.pb"/>
  <File Type="PLACE-CTRL" Name="Gyro_Demo_Verilog_control_sets_placed.rpt"/>
  <File Type="PLACE-SIMILARITY" Name="Gyro_Demo_Verilog_incremental_reuse_placed.rpt"/>
  <File Type="PLACE-PRE-SIMILARITY" Name="Gyro_Demo_Verilog_incremental_reuse_pre_placed.rpt"/>
  <File Type="BG-BGN" Name="Gyro_Demo_Verilog.bgn"/>
  <File Type="PLACE-TIMING" Name="Gyro_Demo_Verilog_timing_summary_placed.rpt"/>
  <File Type="POSTPLACE-PWROPT-DCP" Name="Gyro_Demo_Verilog_postplace_pwropt.dcp"/>
  <File Type="BG-BIN" Name="Gyro_Demo_Verilog.bin"/>
  <File Type="POSTPLACE-PWROPT-TIMING" Name="Gyro_Demo_Verilog_timing_summary_postplace_pwropted.rpt"/>
  <File Type="PHYSOPT-DCP" Name="Gyro_Demo_Verilog_physopt.dcp"/>
  <File Type="PHYSOPT-DRC" Name="Gyro_Demo_Verilog_drc_physopted.rpt"/>
  <File Type="BITSTR-MSK" Name="Gyro_Demo_Verilog.msk"/>
  <File Type="PHYSOPT-TIMING" Name="Gyro_Demo_Verilog_timing_summary_physopted.rpt"/>
  <File Type="ROUTE-ERROR-DCP" Name="Gyro_Demo_Verilog_routed_error.dcp"/>
  <File Type="ROUTE-DCP" Name="Gyro_Demo_Verilog_routed.dcp"/>
  <File Type="ROUTE-BLACKBOX-DCP" Name="Gyro_Demo_Verilog_routed_bb.dcp"/>
  <File Type="ROUTE-DRC" Name="Gyro_Demo_Verilog_drc_routed.rpt"/>
  <File Type="ROUTE-DRC-PB" Name="Gyro_Demo_Verilog_drc_routed.pb"/>
  <File Type="BITSTR-LTX" Name="debug_nets.ltx"/>
  <File Type="BITSTR-LTX" Name="Gyro_Demo_Verilog.ltx"/>
  <File Type="ROUTE-DRC-RPX" Name="Gyro_Demo_Verilog_drc_routed.rpx"/>
  <File Type="BITSTR-MMI" Name="Gyro_Demo_Verilog.mmi"/>
  <File Type="ROUTE-METHODOLOGY-DRC" Name="Gyro_Demo_Verilog_methodology_drc_routed.rpt"/>
  <File Type="ROUTE-METHODOLOGY-DRC-RPX" Name="Gyro_Demo_Verilog_methodology_drc_routed.rpx"/>
  <File Type="BITSTR-SYSDEF" Name="Gyro_Demo_Verilog.sysdef"/>
  <File Type="ROUTE-METHODOLOGY-DRC-PB" Name="Gyro_Demo_Verilog_methodology_drc_routed.pb"/>
  <File Type="ROUTE-PWR-RPX" Name="Gyro_Demo_Verilog_power_routed.rpx"/>
  <File Type="ROUTE-STATUS" Name="Gyro_Demo_Verilog_route_status.rpt"/>
  <File Type="ROUTE-STATUS-PB" Name="Gyro_Demo_Verilog_route_status.pb"/>
  <File Type="ROUTE-TIMINGSUMMARY" Name="Gyro_Demo_Verilog_timing_summary_routed.rpt"/>
  <File Type="ROUTE-TIMING-PB" Name="Gyro_Demo_Verilog_timing_summary_routed.pb"/>
  <File Type="ROUTE-TIMING-RPX" Name="Gyro_Demo_Verilog_timing_summary_routed.rpx"/>
  <File Type="ROUTE-SIMILARITY" Name="Gyro_Demo_Verilog_incremental_reuse_routed.rpt"/>
  <File Type="ROUTE-CLK" Name="Gyro_Demo_Verilog_clock_utilization_routed.rpt"/>
  <File Type="ROUTE-BUS-SKEW" Name="Gyro_Demo_Verilog_bus_skew_routed.rpt"/>
  <File Type="ROUTE-BUS-SKEW-PB" Name="Gyro_Demo_Verilog_bus_skew_routed.pb"/>
  <File Type="ROUTE-BUS-SKEW-RPX" Name="Gyro_Demo_Verilog_bus_skew_routed.rpx"/>
  <File Type="POSTROUTE-PHYSOPT-DCP" Name="Gyro_Demo_Verilog_postroute_physopt.dcp"/>
  <File Type="POSTROUTE-PHYSOPT-BLACKBOX-DCP" Name="Gyro_Demo_Verilog_postroute_physopt_bb.dcp"/>
  <File Type="POSTROUTE-PHYSOPT-TIMING" Name="Gyro_Demo_Verilog_timing_summary_postroute_physopted.rpt"/>
  <File Type="POSTROUTE-PHYSOPT-TIMING-PB" Name="Gyro_Demo_Verilog_timing_summary_postroute_physopted.pb"/>
  <File Type="POSTROUTE-PHYSOPT-TIMING-RPX" Name="Gyro_Demo_Verilog_timing_summary_postroute_physopted.rpx"/>
  <File Type="POSTROUTE-PHYSOPT-BUS-SKEW" Name="Gyro_Demo_Verilog_bus_skew_postroute_physopted.rpt"/>
  <File Type="POSTROUTE-PHYSOPT-BUS-SKEW-PB" Name="Gyro_Demo_Verilog_bus_skew_postroute_physopted.pb"/>
  <File Type="BG-BIT" Name="Gyro_Demo_Verilog.bit"/>
  <File Type="POSTROUTE-PHYSOPT-BUS-SKEW-RPX" Name="Gyro_Demo_Verilog_bus_skew_postroute_physopted.rpx"/>
  <File Type="BITSTR-RBT" Name="Gyro_Demo_Verilog.rbt"/>
  <File Type="BITSTR-NKY" Name="Gyro_Demo_Verilog.nky"/>
  <File Type="BG-DRC" Name="Gyro_Demo_Verilog.drc"/>
  <File Type="RDI-RDI" Name="Gyro_Demo_Verilog.vdi"/>
  <File Type="WBT-USG" Name="usage_statistics_webtalk.html"/>
  <FileSet Name="sources" Type="DesignSrcs" RelSrcDir="$PSRCDIR/sources_1">
    <Filter Type="Srcs"/>
    <File Path="$PSRCDIR/sources_1/new/Driver_Gyro.v">
      <FileInfo>
        <Attr Name="UsedIn" Val="synthesis"/>
        <Attr Name="UsedIn" Val="implementation"/>
        <Attr Name="UsedIn" Val="simulation"/>
      </FileInfo>
    </File>
    <File Path="$PSRCDIR/sources_1/new/Driver_IIC.v">
      <FileInfo>
        <Attr Name="UsedIn" Val="synthesis"/>
        <Attr Name="UsedIn" Val="implementation"/>
        <Attr Name="UsedIn" Val="simulation"/>
      </FileInfo>
    </File>
    <File Path="$PSRCDIR/sources_1/new/Driver_UART.v">
      <FileInfo>
        <Attr Name="UsedIn" Val="synthesis"/>
        <Attr Name="UsedIn" Val="implementation"/>
        <Attr Name="UsedIn" Val="simulation"/>
      </FileInfo>
    </File>
    <File Path="$PSRCDIR/sources_1/new/Gyro2ram.v">
      <FileInfo>
        <Attr Name="UsedIn" Val="synthesis"/>
        <Attr Name="UsedIn" Val="implementation"/>
        <Attr Name="UsedIn" Val="simulation"/>
      </FileInfo>
    </File>
    <File Path="$PSRCDIR/sources_1/new/Trigger_Generator.v">
      <FileInfo>
        <Attr Name="UsedIn" Val="synthesis"/>
        <Attr Name="UsedIn" Val="implementation"/>
        <Attr Name="UsedIn" Val="simulation"/>
      </FileInfo>
    </File>
    <File Path="$PSRCDIR/sources_1/new/UART_Ctrl.v">
      <FileInfo>
        <Attr Name="UsedIn" Val="synthesis"/>
        <Attr Name="UsedIn" Val="implementation"/>
        <Attr Name="UsedIn" Val="simulation"/>
      </FileInfo>
    </File>
    <File Path="$PSRCDIR/sources_1/new/clk_division.v">
      <FileInfo>
        <Attr Name="UsedIn" Val="synthesis"/>
        <Attr Name="UsedIn" Val="implementation"/>
        <Attr Name="UsedIn" Val="simulation"/>
      </FileInfo>
    </File>
    <File Path="$PSRCDIR/sources_1/new/qspi_slave.v">
      <FileInfo>
        <Attr Name="UsedIn" Val="synthesis"/>
        <Attr Name="UsedIn" Val="implementation"/>
        <Attr Name="UsedIn" Val="simulation"/>
      </FileInfo>
    </File>
    <File Path="$PSRCDIR/sources_1/new/Gyro_Demo_Verilog.v">
      <FileInfo>
        <Attr Name="UsedIn" Val="synthesis"/>
        <Attr Name="UsedIn" Val="implementation"/>
        <Attr Name="UsedIn" Val="simulation"/>
      </FileInfo>
    </File>
    <Config>
      <Option Name="DesignMode" Val="RTL"/>
      <Option Name="TopModule" Val="Gyro_Demo_Verilog"/>
      <Option Name="TopAutoSet" Val="TRUE"/>
    </Config>
  </FileSet>
  <FileSet Name="constrs_in" Type="Constrs" RelSrcDir="$PSRCDIR/constrs_1">
    <Filter Type="Constrs"/>
    <File Path="$PSRCDIR/constrs_1/new/system.xdc">
      <FileInfo>
        <Attr Name="UsedIn" Val="synthesis"/>
        <Attr Name="UsedIn" Val="implementation"/>
      </FileInfo>
    </File>
    <Config>
      <Option Name="ConstrsType" Val="XDC"/>
    </Config>
  </FileSet>
  <FileSet Name="utils" Type="Utils" RelSrcDir="$PSRCDIR/utils_1">
    <Filter Type="Utils"/>
    <Config>
      <Option Name="TopAutoSet" Val="TRUE"/>
    </Config>
  </FileSet>
  <Strategy Version="1" Minor="2">
    <StratHandle Name="Vivado Implementation Defaults" Flow="Vivado Implementation 2018"/>
    <Step Id="init_design"/>
    <Step Id="opt_design"/>
    <Step Id="power_opt_design"/>
    <Step Id="place_design"/>
    <Step Id="post_place_power_opt_design"/>
    <Step Id="phys_opt_design"/>
    <Step Id="route_design"/>
    <Step Id="post_route_phys_opt_design"/>
    <Step Id="write_bitstream"/>
  </Strategy>
  <BlockFileSet Type="BlockSrcs" Name="clk_wiz_0"/>
  <BlockFileSet Type="BlockSrcs" Name="blk_mem_gen_0"/>
</GenRun>
